Age,BusinessTravel,DailyRate,Department,DistanceFromHome,Education,EducationField,EnvironmentSatisfaction,Gender,HourlyRate,JobInvolvement,JobLevel,JobRole,JobSatisfaction,MaritalStatus,MonthlyIncome,MonthlyRate,NumCompaniesWorked,OverTime,PercentSalaryHike,PerformanceRating,RelationshipSatisfaction,StockOptionLevel,TotalWorkingYears,TrainingTimesLastYear,WorkLifeBalance,YearsAtCompany,YearsInCurrentRole,YearsSinceLastPromotion,YearsWithCurrManager,Actual_Attrition,Attrition_Risk_Score,Risk_Category,Recommendation
24,0,830,2,13,2,1,4,0,78,3,1,8,2,1,2033,7103,1,0,13,3,3,1,1,2,3,1,0,0,0,0,0.47482889980526305,Medium Risk,Monitor closely — offer development opportunities
44,2,1117,1,2,1,1,1,0,72,4,1,6,4,1,2011,19982,1,0,13,3,4,1,10,5,3,10,5,7,7,0,0.05595204382712987,Low Risk,Low priority — maintain current engagement
31,2,688,2,7,3,1,3,1,44,2,3,3,4,0,11557,25291,9,0,21,4,3,1,10,3,2,5,4,0,1,0,0.5598355386163753,Medium Risk,Monitor closely — offer development opportunities
44,2,1199,1,4,2,1,3,1,92,4,5,3,1,0,19190,17477,1,0,14,3,4,2,26,4,2,25,9,14,13,0,0.020441541424772423,Low Risk,Low priority — maintain current engagement
36,2,318,1,9,3,3,4,1,79,2,1,6,3,1,3388,21777,0,1,17,3,1,1,2,0,2,1,0,0,0,1,0.7849542653111534,High Risk,Immediate intervention — reduce overtime + salary review
40,2,448,1,16,3,1,3,0,84,3,3,4,4,2,7945,19948,6,1,15,3,4,0,18,2,2,4,2,3,3,0,0.6524429687835696,High Risk,Immediate intervention — reduce overtime + salary review
52,2,319,1,3,3,3,4,1,39,2,3,4,3,1,7969,19609,2,1,14,3,3,0,28,4,3,5,4,0,4,0,0.12164629269223387,Low Risk,Low priority — maintain current engagement
43,2,823,1,6,3,3,1,0,81,2,5,3,3,1,19392,22539,7,0,13,3,4,0,21,2,3,16,12,6,14,0,0.06729611547653849,Low Risk,Low priority — maintain current engagement
35,2,1370,1,27,4,1,4,1,49,3,2,4,3,1,6883,5151,2,0,16,3,2,1,17,3,3,7,7,0,7,0,0.04512891299017681,Low Risk,Low priority — maintain current engagement
18,0,1431,1,14,3,3,2,0,33,3,1,6,3,2,1514,8018,1,0,16,3,3,0,0,4,1,0,0,0,0,0,0.6009839037158933,High Risk,Urgent — schedule retention meeting + growth plan
34,2,678,1,19,3,1,2,0,35,2,1,6,4,1,2929,20338,1,0,12,3,2,0,10,3,3,10,9,8,7,0,0.41853979315321027,Medium Risk,Monitor closely — offer development opportunities
54,2,1082,2,2,4,1,3,0,41,2,3,7,3,1,10686,8392,6,0,11,3,2,1,13,4,3,9,4,7,0,0,0.48579527674034967,Medium Risk,Monitor closely — offer development opportunities
35,1,138,1,2,3,3,2,0,37,3,2,2,2,2,4425,15986,5,0,11,3,4,0,10,5,3,6,2,1,2,0,0.6008254778187948,High Risk,Urgent — schedule retention meeting + growth plan
31,2,196,2,29,4,2,1,0,91,2,2,7,4,1,5468,13402,1,0,14,3,1,2,13,3,3,12,7,5,7,0,0.6312444058549843,High Risk,Urgent — schedule retention meeting + growth plan
51,1,968,1,6,2,3,2,0,40,2,1,2,3,2,2838,4257,0,0,14,3,2,0,8,6,2,7,0,7,7,0,0.4309549959705735,Medium Risk,Monitor closely — offer development opportunities
27,2,1220,1,5,3,1,3,0,85,3,1,6,2,2,2478,20938,1,1,12,3,2,0,4,2,2,4,3,1,2,0,0.8027090886803921,High Risk,Immediate intervention — reduce overtime + salary review
41,2,645,2,1,3,2,2,1,49,4,3,7,1,1,8392,19566,1,0,16,3,3,1,10,2,3,10,7,0,7,0,0.12674185763038587,Low Risk,Low priority — maintain current engagement
38,0,1327,2,2,2,1,4,1,39,2,2,7,4,1,5249,19682,3,0,18,3,4,1,13,0,3,8,7,7,5,0,0.15321788253264657,Low Risk,Low priority — maintain current engagement
30,2,946,1,2,3,3,3,0,52,2,2,4,4,2,6877,20234,5,1,24,4,2,0,12,4,2,0,0,0,0,0,0.6903754792905746,High Risk,Immediate intervention — reduce overtime + salary review
35,2,287,1,1,4,1,3,0,62,1,1,6,4,1,2977,8952,1,0,12,3,4,1,4,5,3,4,3,1,1,0,0.20316864642728552,Low Risk,Low priority — maintain current engagement
29,2,341,2,1,3,3,2,0,48,2,1,8,3,0,2800,23522,6,1,19,3,3,3,5,3,3,3,2,0,2,1,0.7392143324094006,High Risk,Immediate intervention — reduce overtime + salary review
31,2,330,1,22,4,3,4,1,98,3,2,4,3,1,6179,21057,1,1,15,3,4,2,10,3,2,10,2,6,7,1,0.5795603382932812,Medium Risk,Monitor closely — offer development opportunities
45,2,1457,1,7,3,3,1,0,83,3,1,6,3,1,4477,20100,4,1,19,3,3,1,7,2,2,3,2,0,2,0,0.46650499214044716,Medium Risk,Monitor closely — offer development opportunities
40,0,1142,1,8,2,1,4,1,72,3,2,0,4,0,4069,8841,3,1,18,3,3,0,8,2,3,2,2,2,2,0,0.3567885850244925,Medium Risk,Monitor closely — offer development opportunities
28,2,857,1,10,3,4,3,0,59,3,2,6,3,2,3660,7909,3,0,13,3,4,0,10,4,4,8,7,1,7,0,0.09861311656738535,Low Risk,Low priority — maintain current engagement
25,2,891,2,4,2,1,2,0,99,2,2,7,4,2,4487,12090,1,1,11,3,2,0,5,3,3,5,4,1,3,0,0.867975702595164,High Risk,Immediate intervention — reduce overtime + salary review
42,2,855,1,12,3,3,2,1,57,3,1,2,2,0,2766,8952,8,0,22,4,2,3,7,6,2,5,3,0,4,0,0.3473052001408335,Medium Risk,Monitor closely — offer development opportunities
51,1,1150,1,8,4,1,1,1,53,1,3,4,4,2,10650,25150,2,0,15,3,4,0,18,2,3,4,2,0,3,1,0.162280051144236,Low Risk,Low priority — maintain current engagement
35,2,882,2,3,4,1,4,1,92,3,3,7,4,0,7823,6812,6,0,13,3,2,1,12,2,3,10,9,0,8,0,0.06095035269925694,Low Risk,Low priority — maintain current engagement
41,2,1360,1,12,3,5,2,0,49,3,5,5,3,1,19545,16280,1,0,12,3,4,0,23,0,3,22,15,15,8,1,0.08975517003000574,Low Risk,Low priority — maintain current engagement
35,2,819,1,18,5,1,2,1,48,4,2,6,1,1,5208,26312,1,0,11,3,4,0,16,2,3,16,15,1,10,0,0.08500933899189402,Low Risk,Low priority — maintain current engagement
48,2,969,1,2,2,5,4,1,76,4,1,2,2,2,2559,16620,5,0,11,3,3,0,7,4,2,1,0,0,0,0,0.353780689308974,Medium Risk,Monitor closely — offer development opportunities
45,2,252,1,2,3,1,2,0,95,2,1,6,3,2,2274,6153,1,0,14,3,4,0,1,3,3,1,0,0,0,0,0.39976238400328284,Medium Risk,Monitor closely — offer development opportunities
49,2,174,2,8,4,5,4,1,56,2,4,7,2,1,13120,11879,6,0,17,3,2,1,22,3,3,9,8,2,3,0,0.19009216469355206,Low Risk,Low priority — maintain current engagement
34,2,546,1,10,3,1,2,1,83,3,1,2,2,0,2008,6896,1,0,14,3,2,2,1,3,3,1,0,1,0,0,0.5164030747449926,Medium Risk,Monitor closely — offer development opportunities
33,1,1076,1,3,3,1,1,1,70,3,1,6,1,2,3348,3164,1,1,11,3,1,0,10,3,3,10,8,9,7,1,0.9203110255169927,High Risk,Immediate intervention — reduce overtime + salary review
37,2,397,1,7,4,3,1,1,30,3,3,5,3,2,13664,25258,4,0,13,3,1,0,16,3,4,5,2,0,2,0,0.3572813944740034,Medium Risk,Monitor closely — offer development opportunities
27,2,954,2,9,3,2,4,1,44,3,2,7,4,2,4105,5099,1,0,14,3,1,0,7,5,3,7,7,0,7,0,0.18132126686136502,Low Risk,Low priority — maintain current engagement
30,2,853,1,7,4,1,3,1,49,3,2,2,3,0,3491,11309,1,0,13,3,1,3,10,4,2,10,7,8,9,0,0.1997271096898712,Low Risk,Low priority — maintain current engagement
31,0,335,1,9,2,3,3,1,46,2,1,6,1,2,2321,10322,0,1,22,4,1,0,4,0,3,3,2,1,2,1,0.9386752914486822,High Risk,Immediate intervention — reduce overtime + salary review
51,2,313,1,3,3,3,4,0,98,3,4,0,2,2,13734,7192,3,0,18,3,3,0,21,6,3,7,7,1,0,0,0.046957816874115384,Low Risk,Low priority — maintain current engagement
24,2,477,1,24,3,3,4,1,49,3,1,2,2,2,3597,6409,8,0,22,4,4,0,6,2,3,4,3,1,2,0,0.8159188633828569,High Risk,Urgent — schedule retention meeting + growth plan
43,2,1034,2,16,3,2,4,0,80,3,4,3,4,1,16064,7744,5,1,22,4,3,1,22,3,3,17,13,1,9,0,0.08401821422888928,Low Risk,Low priority — maintain current engagement
56,2,1443,2,11,5,2,4,0,89,2,2,7,1,1,5380,20328,4,0,16,3,3,1,6,3,3,0,0,0,0,0,0.27687690237295326,Low Risk,Low priority — maintain current engagement
30,2,241,1,7,3,3,2,1,48,2,1,6,2,1,2141,5348,1,0,12,3,2,1,6,3,2,6,4,1,1,0,0.7002317232824586,High Risk,Urgent — schedule retention meeting + growth plan
34,2,1480,2,4,3,1,3,1,64,3,3,7,4,1,9713,24444,2,1,13,3,4,3,9,3,3,5,3,1,0,0,0.31089270760364773,Medium Risk,Monitor closely — offer development opportunities
23,2,160,1,4,1,3,3,0,51,3,1,2,2,2,3295,12862,1,0,13,3,3,0,3,3,1,3,2,1,2,0,0.7106462936304667,High Risk,Urgent — schedule retention meeting + growth plan
35,1,146,1,2,4,3,1,1,79,2,1,6,4,2,4930,13970,0,1,14,3,3,0,6,2,4,5,4,1,4,0,0.6701150326638823,High Risk,Immediate intervention — reduce overtime + salary review
39,2,1431,1,1,4,3,3,0,96,3,1,2,3,0,2232,15417,7,0,14,3,3,3,7,1,3,3,2,1,2,0,0.13638446286957853,Low Risk,Low priority — maintain current engagement
28,2,304,2,9,4,1,2,1,92,3,2,7,4,2,5253,20750,1,0,16,3,4,0,7,1,3,7,5,0,7,0,0.3168997141582436,Medium Risk,Monitor closely — offer development opportunities
33,1,430,2,7,3,3,4,1,54,3,2,7,1,1,4373,17456,0,0,14,3,1,2,5,2,3,4,3,0,3,0,0.39141532254311107,Medium Risk,Monitor closely — offer development opportunities
26,1,1096,1,6,3,4,3,1,61,4,1,2,4,1,2544,7102,0,0,18,3,1,1,8,3,3,7,7,7,7,0,0.11544173854373177,Low Risk,Low priority — maintain current engagement
38,2,345,2,10,2,1,1,0,100,3,2,7,4,1,5343,5982,1,0,11,3,3,1,10,1,3,10,7,1,9,0,0.1904952274025452,Low Risk,Low priority — maintain current engagement
35,2,1402,2,28,4,1,2,0,98,2,1,8,3,1,2430,26204,0,0,23,4,1,2,6,5,3,5,3,4,2,0,0.5095843699051311,Medium Risk,Monitor closely — offer development opportunities
35,2,1258,1,1,4,1,4,0,40,4,1,6,3,2,2506,13301,3,0,13,3,3,0,7,0,3,2,2,2,2,0,0.16141417948683098,Low Risk,Low priority — maintain current engagement
37,2,1225,1,10,2,1,4,1,80,4,1,6,4,2,4680,15232,3,0,17,3,1,0,4,2,3,1,0,0,0,0,0.17252050793131019,Low Risk,Low priority — maintain current engagement
40,2,302,1,6,3,1,2,0,75,3,4,4,3,2,13237,20364,7,0,15,3,3,0,22,3,3,20,6,5,13,0,0.1600271255956887,Low Risk,Low priority — maintain current engagement
31,2,542,2,20,3,1,2,0,71,1,2,7,3,1,4559,24788,3,1,11,3,3,1,4,2,3,2,2,2,2,1,0.9635664524434341,High Risk,Immediate intervention — reduce overtime + salary review
29,2,657,1,27,3,3,2,0,66,3,2,0,3,1,4335,25549,4,0,12,3,1,1,11,3,2,8,7,1,1,0,0.7526967596283902,High Risk,Urgent — schedule retention meeting + growth plan
59,2,326,2,3,3,1,3,0,48,2,2,7,4,2,5171,16490,5,0,17,3,4,0,13,2,3,6,1,0,5,0,0.19156273289967218,Low Risk,Low priority — maintain current engagement
32,2,601,2,7,5,2,4,1,97,3,2,7,4,1,9204,23343,4,0,12,3,3,1,7,3,2,4,3,0,3,0,0.20651705043192325,Low Risk,Low priority — maintain current engagement
33,2,267,1,21,3,3,2,1,79,4,1,2,2,1,2028,13637,1,0,18,3,4,3,14,6,3,14,11,2,13,0,0.036930298026454964,Low Risk,Low priority — maintain current engagement
27,2,894,1,9,3,3,4,0,99,3,1,6,2,2,2279,11781,1,0,16,3,4,0,7,2,2,7,7,0,3,0,0.16859053342575467,Low Risk,Low priority — maintain current engagement
43,0,343,1,9,3,1,1,1,52,3,1,6,3,2,2438,24978,4,0,13,3,3,0,7,2,2,3,2,1,2,0,0.6774782979424917,High Risk,Urgent — schedule retention meeting + growth plan
34,2,628,1,8,3,3,2,1,82,4,2,2,3,1,4404,10228,2,0,12,3,1,0,6,3,4,4,3,1,2,0,0.373043691845957,Medium Risk,Monitor closely — offer development opportunities
37,2,1239,0,8,2,4,3,1,89,3,2,1,2,0,4071,12832,2,0,13,3,3,0,19,4,2,10,0,4,7,0,0.0847490004185201,Low Risk,Low priority — maintain current engagement
36,1,1195,1,11,3,1,2,1,95,2,2,4,2,2,6499,22656,1,0,13,3,3,0,6,3,3,6,5,0,3,0,0.4059818482941924,Medium Risk,Monitor closely — offer development opportunities
26,2,920,0,20,2,3,4,0,69,3,1,1,2,1,2148,6889,0,1,11,3,3,0,6,3,3,5,1,1,4,1,0.5332827221960155,Medium Risk,Monitor closely — offer development opportunities
41,2,1283,1,5,5,3,2,1,90,4,1,6,3,1,2127,5561,2,1,12,3,1,0,7,5,2,4,2,0,3,0,0.5111493868329096,Medium Risk,Monitor closely — offer development opportunities
32,0,862,2,2,1,1,3,0,76,3,1,8,1,0,2827,14947,1,0,12,3,3,3,1,3,3,1,0,0,0,0,0.26141339769577193,Low Risk,Low priority — maintain current engagement
35,2,1146,0,26,4,1,3,0,31,3,3,1,4,2,8837,16642,1,1,16,3,3,0,9,2,3,9,0,1,7,0,0.3532549844769697,Medium Risk,Monitor closely — offer development opportunities
39,2,1329,2,4,4,1,4,0,47,2,2,7,3,1,5902,14590,4,0,14,3,3,1,17,1,4,15,11,5,9,0,0.0884207347409979,Low Risk,Low priority — maintain current engagement
59,2,1429,1,18,4,3,4,1,67,3,3,4,4,2,10512,20002,6,0,12,3,4,0,25,6,2,9,7,5,4,0,0.04710604635897778,Low Risk,Low priority — maintain current engagement
29,2,1082,1,9,4,3,4,0,43,3,1,2,3,1,2974,25412,9,0,17,3,3,1,9,2,3,5,3,1,2,0,0.36956046891145583,Medium Risk,Monitor closely — offer development opportunities
34,2,1031,1,6,4,1,3,0,45,2,2,6,2,0,4505,15000,6,0,15,3,3,1,12,3,3,1,0,0,0,0,0.2557663754085495,Low Risk,Low priority — maintain current engagement
45,2,556,1,25,2,1,2,0,93,2,2,4,4,1,5906,23888,0,0,13,3,4,2,10,2,2,9,8,3,8,0,0.10707054720176137,Low Risk,Low priority — maintain current engagement
49,2,1490,1,7,4,1,3,1,35,3,3,0,2,0,10466,20948,3,0,14,3,2,2,29,3,3,8,7,0,7,0,0.013076352863416097,Low Risk,Low priority — maintain current engagement
38,2,119,2,3,3,1,1,1,76,3,3,7,3,0,10609,9647,0,0,12,3,3,2,17,6,2,16,10,5,13,0,0.05817786623702182,Low Risk,Low priority — maintain current engagement
31,2,311,1,20,3,1,2,1,89,3,2,2,3,0,4197,18624,1,0,11,3,1,1,10,2,3,10,8,0,2,0,0.45523317010287434,Medium Risk,Monitor closely — offer development opportunities
30,0,111,1,9,3,3,3,1,66,3,2,2,1,0,3072,11012,1,0,11,3,3,2,12,4,3,12,9,6,10,0,0.21531795106032325,Low Risk,Low priority — maintain current engagement
33,0,1283,2,2,3,2,4,0,62,3,2,7,2,2,5147,10697,8,0,15,3,4,0,13,2,2,11,7,1,7,0,0.2927093787700795,Low Risk,Low priority — maintain current engagement
26,1,342,1,2,3,1,1,1,57,3,1,6,1,1,2042,15346,6,1,14,3,2,1,6,2,3,3,2,1,2,1,0.9532594121521325,High Risk,Immediate intervention — reduce overtime + salary review
58,2,147,1,23,4,3,4,0,94,3,3,0,4,1,10312,3465,1,0,12,3,4,1,40,3,2,40,10,15,6,1,0.18558857830987865,Low Risk,Low priority — maintain current engagement
53,2,1282,1,5,3,4,3,0,58,3,5,3,3,0,19094,10735,4,0,11,3,4,1,26,3,2,14,13,4,8,0,0.00536188275253941,Low Risk,Low priority — maintain current engagement
27,2,511,2,2,2,3,1,0,89,4,2,7,3,2,6500,26997,0,0,14,3,2,0,9,5,2,8,7,0,7,0,0.21339757109538793,Low Risk,Low priority — maintain current engagement
40,2,369,1,8,2,1,2,0,92,3,2,4,1,1,6516,5041,2,1,16,3,2,1,18,3,3,1,0,0,0,0,0.6010742411832457,High Risk,Immediate intervention — reduce overtime + salary review
38,2,1495,1,10,3,3,3,0,76,3,2,0,3,1,9824,22174,3,0,19,3,3,1,18,4,3,1,0,0,0,0,0.052818656768104384,Low Risk,Low priority — maintain current engagement
44,2,1376,0,1,2,3,2,1,91,2,3,1,1,1,10482,2326,9,0,14,3,4,1,24,1,3,20,6,3,6,1,0.20840583284112146,Low Risk,Low priority — maintain current engagement
41,0,509,1,2,4,4,1,0,62,2,2,0,3,2,6811,2112,2,1,17,3,1,0,10,3,3,8,7,0,7,0,0.6818242104222124,High Risk,Immediate intervention — reduce overtime + salary review
37,1,1278,2,1,4,3,3,1,31,1,2,7,4,0,9525,7677,1,0,14,3,3,2,6,2,2,6,3,1,3,0,0.16271965605964905,Low Risk,Low priority — maintain current engagement
46,2,526,2,1,2,2,2,0,92,3,3,7,1,0,10453,2137,1,0,25,4,3,3,24,2,3,24,13,15,7,0,0.15504332667401588,Low Risk,Low priority — maintain current engagement
52,2,699,1,1,4,1,3,1,65,2,5,3,3,1,19999,5678,0,0,14,3,1,1,34,5,3,33,18,11,9,0,0.024537848897614362,Low Risk,Low priority — maintain current engagement
25,1,599,2,24,1,1,3,1,73,1,1,8,4,2,1118,8040,1,1,14,3,4,0,1,4,3,1,0,1,0,1,0.9624757856186139,High Risk,Immediate intervention — reduce overtime + salary review
29,1,1404,2,20,3,5,3,0,84,3,1,8,4,1,2157,18203,1,0,15,3,2,1,3,5,3,3,1,0,2,0,0.21644986036023858,Low Risk,Low priority — maintain current engagement
31,1,444,2,5,3,2,4,0,84,3,1,8,2,0,2789,3909,1,0,11,3,3,1,2,5,2,2,2,2,2,0,0.27853574819649823,Low Risk,Low priority — maintain current engagement
25,2,383,2,9,2,1,1,1,68,2,1,8,1,1,4400,15182,3,0,12,3,1,0,6,2,3,3,2,2,2,1,0.9443380295748521,High Risk,Urgent — schedule retention meeting + growth plan
24,1,567,1,2,1,5,1,0,32,3,1,6,4,2,3760,17218,1,1,13,3,3,0,6,2,3,6,3,1,3,0,0.7429625513157989,High Risk,Immediate intervention — reduce overtime + salary review
29,2,992,1,1,3,5,3,1,85,3,1,6,3,2,2058,19757,0,0,14,3,4,0,7,1,2,6,2,1,5,1,0.20822169372015945,Low Risk,Low priority — maintain current engagement
25,2,1382,2,8,2,4,1,0,85,3,2,7,3,0,4907,13684,0,1,22,4,2,1,6,3,2,5,3,0,4,0,0.6056510342528538,High Risk,Immediate intervention — reduce overtime + salary review
35,1,482,1,4,4,1,3,1,87,3,2,6,3,2,4249,2690,1,1,11,3,2,0,9,3,3,9,6,1,1,0,0.7065215145613237,High Risk,Immediate intervention — reduce overtime + salary review
46,2,430,1,1,4,3,4,1,40,3,5,5,4,0,19627,21445,9,0,17,3,4,2,23,0,3,2,2,2,2,0,0.017615455249279252,Low Risk,Low priority — maintain current engagement
42,2,188,1,29,3,3,2,1,56,1,2,2,4,2,4272,9558,4,0,19,3,1,0,16,3,3,1,0,0,0,0,0.8047727955371711,High Risk,Urgent — schedule retention meeting + growth plan
37,2,571,1,10,1,1,4,0,82,3,1,6,1,0,2782,19905,0,1,13,3,2,2,6,3,2,5,3,4,3,0,0.531930982008739,Medium Risk,Monitor closely — offer development opportunities
27,2,1054,1,8,3,3,3,0,67,3,1,6,4,2,3445,6152,1,0,11,3,3,0,6,5,2,6,2,1,4,0,0.19376169594065334,Low Risk,Low priority — maintain current engagement
38,2,1404,2,1,3,1,1,1,59,2,1,8,1,2,2858,11473,4,0,14,3,1,0,20,3,2,1,0,0,0,0,0.8170856816989364,High Risk,Urgent — schedule retention meeting + growth plan
36,0,301,2,15,4,2,4,1,88,1,2,7,4,0,5406,10436,1,0,24,4,1,1,15,4,2,15,12,11,11,0,0.26316253660704886,Low Risk,Low priority — maintain current engagement
27,2,618,1,4,3,1,2,0,76,3,1,6,3,2,2318,17808,1,0,19,3,3,0,1,2,3,1,1,0,0,0,0.3953592011621111,Medium Risk,Monitor closely — offer development opportunities
40,2,1416,1,2,2,3,1,1,49,3,5,5,3,0,19436,5949,0,0,19,3,4,1,22,5,3,21,7,3,9,0,0.006101765113758136,Low Risk,Low priority — maintain current engagement
44,2,935,1,3,3,1,1,1,89,3,1,2,1,1,2362,14669,4,0,12,3,3,0,10,4,4,3,2,1,2,1,0.5016938505106555,Medium Risk,Monitor closely — offer development opportunities
34,2,1351,1,1,4,1,2,1,45,3,2,6,4,1,5484,13008,9,0,17,3,2,1,9,3,2,2,2,2,1,0,0.38794401936856127,Medium Risk,Monitor closely — offer development opportunities
36,2,559,1,12,4,1,3,0,76,3,2,4,3,1,4663,12421,9,1,12,3,2,2,7,2,3,3,2,1,1,0,0.8543222780847575,High Risk,Immediate intervention — reduce overtime + salary review
28,2,1451,1,2,1,1,1,1,67,2,1,6,2,1,3201,19911,0,0,17,3,1,0,6,2,1,5,3,0,4,0,0.5195334851510535,Medium Risk,Monitor closely — offer development opportunities
56,2,206,0,8,4,1,4,1,99,3,5,3,2,2,19717,4022,6,0,14,3,1,0,36,4,3,7,3,7,7,0,0.02670698324493861,Low Risk,Low priority — maintain current engagement
35,0,1097,1,11,2,3,3,1,79,2,3,0,1,1,9884,8302,2,1,13,3,3,1,10,3,3,4,0,2,3,0,0.781502333484548,High Risk,Immediate intervention — reduce overtime + salary review
40,2,329,1,1,4,1,2,1,88,3,1,2,2,1,2387,6762,3,0,22,4,3,1,7,3,3,4,2,0,3,0,0.34436641841772525,Medium Risk,Monitor closely — offer development opportunities
41,2,263,1,6,3,3,4,1,59,3,1,2,1,2,4721,3119,2,1,13,3,3,0,20,3,3,18,13,2,17,0,0.2053670376785847,Low Risk,Low priority — maintain current engagement
30,2,921,1,1,3,1,4,1,38,1,1,2,3,1,3833,24375,3,0,21,4,3,2,7,2,3,2,2,0,2,0,0.293861872220631,Low Risk,Low priority — maintain current engagement
46,1,1034,1,18,1,3,1,0,86,3,3,0,3,1,10527,8984,5,0,11,3,4,0,28,3,2,2,2,1,2,0,0.18380396738936633,Low Risk,Low priority — maintain current engagement
30,1,721,1,1,2,3,3,0,58,3,2,2,4,2,4011,10781,1,0,23,4,4,0,12,2,3,12,8,3,7,0,0.09111371751195116,Low Risk,Low priority — maintain current engagement
35,2,819,1,2,3,1,3,1,44,2,3,4,2,0,10274,19588,2,0,18,3,2,1,15,2,4,7,7,6,4,0,0.12064073747696515,Low Risk,Low priority — maintain current engagement
38,2,1380,1,9,2,1,3,0,75,3,1,2,4,2,2288,6319,1,0,12,3,3,0,2,3,3,2,2,2,1,0,0.2924320218629593,Low Risk,Low priority — maintain current engagement
38,2,268,1,2,5,3,4,1,92,3,1,6,3,1,3057,20471,6,1,13,3,2,1,6,0,1,1,0,0,1,0,0.8271995980556417,High Risk,Immediate intervention — reduce overtime + salary review
44,2,136,1,28,3,1,4,1,32,3,4,5,1,1,16328,22074,3,0,13,3,3,1,24,1,4,20,6,14,17,0,0.1715037864241805,Low Risk,Low priority — maintain current engagement
27,2,728,2,23,1,3,2,0,36,2,2,8,3,1,3540,7018,1,0,21,4,4,1,9,5,3,9,8,5,8,0,0.3659971422805795,Medium Risk,Monitor closely — offer development opportunities
28,1,193,1,2,3,1,4,1,52,2,1,2,4,1,3867,14222,1,1,12,3,2,1,2,2,3,2,2,2,2,0,0.7714832706031143,High Risk,Immediate intervention — reduce overtime + salary review
42,2,691,2,8,4,2,3,1,48,3,2,7,2,1,6825,21173,0,0,11,3,4,1,10,2,3,9,7,4,2,0,0.31390157851252376,Medium Risk,Monitor closely — offer development opportunities
32,1,585,1,10,3,1,1,1,56,3,1,6,3,1,3433,17360,6,0,13,3,1,1,10,3,2,5,2,1,3,0,0.677685226936158,High Risk,Urgent — schedule retention meeting + growth plan
26,2,950,2,4,4,2,4,1,48,2,2,7,4,2,5828,8450,1,1,12,3,2,0,8,0,3,8,7,7,4,1,0.8932669770916352,High Risk,Immediate intervention — reduce overtime + salary review
29,1,461,1,1,3,1,4,1,70,4,2,0,3,2,6294,23060,8,1,12,3,4,0,10,5,4,3,2,0,2,0,0.6433750903873156,High Risk,Immediate intervention — reduce overtime + salary review
31,0,587,2,2,4,1,4,0,57,3,3,7,3,0,9852,8935,1,1,19,3,1,1,10,5,2,10,8,9,6,0,0.39673982210651265,Medium Risk,Monitor closely — offer development opportunities
41,2,1356,2,20,2,2,2,0,70,3,1,8,2,2,3140,21728,1,1,22,4,4,0,4,5,2,4,3,0,2,1,0.7788744072035573,High Risk,Immediate intervention — reduce overtime + salary review
50,1,1421,1,2,3,3,4,0,30,3,4,3,1,1,17856,9490,2,0,22,4,3,1,32,3,3,2,2,2,2,0,0.007595105189574225,Low Risk,Low priority — maintain current engagement
33,2,527,1,1,4,4,4,1,63,3,1,6,4,2,2686,5207,1,1,13,3,3,0,10,2,2,10,9,7,8,1,0.48563412541004863,Medium Risk,Monitor closely — offer development opportunities
47,2,1454,2,2,4,1,4,0,65,2,1,8,4,2,3294,13137,1,1,18,3,1,0,3,3,2,3,2,1,2,0,0.588231191554184,Medium Risk,Monitor closely — offer development opportunities
41,2,933,1,9,4,1,3,1,94,3,1,2,1,1,2238,6961,2,0,21,4,4,1,7,2,3,5,0,1,4,0,0.3185459579408147,Medium Risk,Monitor closely — offer development opportunities
31,2,1276,1,2,1,3,4,0,59,1,1,2,4,0,1129,17536,1,1,11,3,3,3,1,4,3,1,0,0,0,0,0.45089525386969703,Medium Risk,Monitor closely — offer development opportunities
40,2,658,2,10,4,2,1,1,67,2,3,7,2,0,9705,20652,2,0,12,3,2,1,11,2,2,1,0,0,0,0,0.6559442227232551,High Risk,Urgent — schedule retention meeting + growth plan
35,2,755,1,9,4,1,3,1,97,2,2,0,2,2,6540,19394,9,0,19,3,3,0,10,5,3,1,1,0,0,0,0.7136765778147082,High Risk,Urgent — schedule retention meeting + growth plan
35,1,200,1,18,2,1,3,1,60,3,3,4,4,2,9362,19944,2,0,11,3,3,0,10,2,3,2,2,2,2,0,0.3772703088285338,Medium Risk,Monitor closely — offer development opportunities
55,2,282,1,2,2,3,4,0,58,1,5,3,3,1,19187,6992,4,0,14,3,4,1,23,5,3,19,9,9,11,0,0.027806902926079874,Low Risk,Low priority — maintain current engagement
58,2,1055,1,1,3,3,4,0,76,3,5,5,1,1,19701,22456,3,1,21,4,3,1,32,3,3,9,8,1,5,0,0.014881813305153991,Low Risk,Low priority — maintain current engagement
37,2,1192,1,5,2,3,4,1,61,3,2,4,4,0,6347,23177,7,0,16,3,3,2,8,2,2,6,2,0,4,0,0.07858427487874371,Low Risk,Low priority — maintain current engagement
21,2,996,1,3,2,3,4,1,100,2,1,6,3,2,3230,10531,1,0,17,3,1,0,3,4,4,3,2,1,0,0,0.356103247607489,Medium Risk,Monitor closely — offer development opportunities
31,2,106,0,2,3,0,1,1,62,2,2,1,1,1,6410,17822,3,0,12,3,4,0,9,1,3,2,2,1,0,0,0.6872409982176001,High Risk,Urgent — schedule retention meeting + growth plan
41,0,906,1,5,2,1,1,1,95,2,1,6,1,0,2107,20293,6,0,17,3,1,1,5,2,1,1,0,0,0,1,0.7971859202758345,High Risk,Urgent — schedule retention meeting + growth plan
36,1,1467,2,11,2,5,2,0,92,3,3,7,4,1,9738,22952,0,0,14,3,3,1,10,6,3,9,7,2,8,0,0.02963088314204368,Low Risk,Low priority — maintain current engagement
32,2,371,2,19,3,1,4,1,80,1,3,7,3,1,9610,3840,3,0,13,3,3,1,10,2,1,4,3,0,2,0,0.6424855610225425,High Risk,Urgent — schedule retention meeting + growth plan
39,1,443,1,8,1,1,3,0,48,3,1,2,3,1,3755,17872,1,0,11,3,1,1,8,3,3,8,3,0,7,0,0.17065131077624496,Low Risk,Low priority — maintain current engagement
22,2,1256,1,19,1,3,3,1,80,3,1,6,4,1,2323,11992,1,0,24,4,1,2,2,6,3,2,2,2,2,0,0.18438697184948516,Low Risk,Low priority — maintain current engagement
43,2,982,1,12,3,1,1,1,59,2,4,5,2,0,14336,4345,1,0,11,3,3,1,25,3,3,25,10,3,9,0,0.07868449949764297,Low Risk,Low priority — maintain current engagement
34,2,1326,2,3,3,4,4,1,81,1,2,7,1,2,4759,15891,3,0,18,3,4,0,15,2,3,13,9,3,12,0,0.2251993893454244,Low Risk,Low priority — maintain current engagement
28,2,1083,1,29,1,1,3,1,96,1,2,4,2,1,6549,3173,1,0,14,3,2,2,8,2,2,8,6,1,7,0,0.4532903993277026,Medium Risk,Monitor closely — offer development opportunities
26,2,683,1,2,1,3,1,1,36,2,1,6,4,2,3904,4050,0,0,12,3,4,0,5,2,3,4,3,1,1,0,0.5098846666652124,Medium Risk,Monitor closely — offer development opportunities
42,2,532,1,4,2,5,3,1,58,3,5,3,4,1,19232,4933,1,0,11,3,4,0,22,3,3,22,17,11,15,0,0.01346008555044426,Low Risk,Low priority — maintain current engagement
34,1,426,1,10,4,1,3,1,42,4,2,4,4,0,4724,17000,1,0,13,3,1,1,9,3,3,9,7,7,2,0,0.23271422731119626,Low Risk,Low priority — maintain current engagement
56,2,441,1,14,4,1,2,0,72,3,1,6,2,1,4963,4510,9,1,18,3,1,3,7,2,3,5,4,4,3,1,0.7914900967592591,High Risk,Immediate intervention — reduce overtime + salary review
29,2,1092,1,1,4,3,1,1,36,3,1,6,4,1,4787,26124,9,1,14,3,2,3,4,3,4,2,2,2,2,1,0.7679700673516138,High Risk,Immediate intervention — reduce overtime + salary review
40,2,1202,1,2,1,3,2,0,89,4,2,0,3,0,6377,13888,5,0,20,4,2,3,15,0,3,12,11,11,8,0,0.12346291879913845,Low Risk,Low priority — maintain current engagement
24,2,693,2,3,2,1,1,0,65,3,2,7,3,2,4577,24785,9,0,14,3,1,0,4,3,3,2,2,2,0,1,0.9431331324264518,High Risk,Urgent — schedule retention meeting + growth plan
36,2,335,2,17,2,2,3,1,33,2,2,7,2,1,5507,16822,2,0,16,3,3,2,12,1,1,4,2,1,3,0,0.6418365044112702,High Risk,Urgent — schedule retention meeting + growth plan
43,1,775,2,15,3,1,4,1,47,2,2,7,4,1,6804,23683,3,0,18,3,3,1,7,5,3,2,2,2,2,0,0.19006768857917009,Low Risk,Low priority — maintain current engagement
50,1,1246,0,3,3,3,1,1,99,3,5,3,2,1,18200,7999,1,0,11,3,3,1,32,2,3,32,5,10,7,0,0.06817963425860148,Low Risk,Low priority — maintain current engagement
34,2,699,1,6,1,3,2,1,83,3,1,6,1,2,2960,17102,2,0,11,3,3,0,8,2,3,4,2,1,3,1,0.5791880579327539,Medium Risk,Monitor closely — offer development opportunities
42,0,179,0,2,5,3,4,1,79,4,2,1,1,1,6272,12858,7,0,16,3,1,1,10,3,4,4,3,0,3,0,0.11461405317339866,Low Risk,Low priority — maintain current engagement
42,1,933,1,19,3,3,3,1,57,4,1,6,3,0,2759,20366,6,1,12,3,4,0,7,2,3,2,2,2,2,1,0.5881385635336578,Medium Risk,Monitor closely — offer development opportunities
30,2,330,0,1,3,1,3,1,46,3,1,1,3,0,2064,15428,0,0,21,4,1,1,6,3,4,5,3,1,3,0,0.09685638993166869,Low Risk,Low priority — maintain current engagement
51,2,1323,1,4,4,1,1,1,34,3,1,6,3,1,2461,10332,9,1,12,3,3,3,18,2,4,10,0,2,7,1,0.5287642957653572,Medium Risk,Monitor closely — offer development opportunities
39,0,1251,2,21,4,1,1,0,32,1,2,7,3,1,5736,3987,6,0,19,3,3,1,10,1,3,3,2,1,2,0,0.7295173207888729,High Risk,Urgent — schedule retention meeting + growth plan
37,2,1373,1,2,2,4,4,1,92,2,1,2,3,2,2090,2396,6,1,15,3,2,0,7,3,3,0,0,0,0,1,0.8261713235040659,High Risk,Immediate intervention — reduce overtime + salary review
31,1,1327,1,3,4,3,2,1,73,3,3,5,3,0,13675,13523,9,0,12,3,1,1,9,3,3,2,2,2,2,0,0.2860781003436259,Low Risk,Low priority — maintain current engagement
27,2,155,1,4,3,1,2,1,87,4,2,4,2,1,6142,5174,1,1,20,4,2,1,6,0,3,6,2,0,3,0,0.7563642708783563,High Risk,Immediate intervention — reduce overtime + salary review
41,2,1411,1,19,2,1,3,1,36,3,2,6,1,0,3072,19877,2,0,16,3,1,2,17,2,2,1,0,0,0,0,0.2298453282898857,Low Risk,Low priority — maintain current engagement
47,1,1309,2,4,1,3,2,1,99,3,2,8,3,2,2976,25751,3,0,19,3,1,0,5,3,3,0,0,0,0,0,0.45660362937149174,Medium Risk,Monitor closely — offer development opportunities
38,2,1035,2,3,4,1,2,1,42,3,2,7,4,2,6861,4981,8,1,12,3,3,0,19,1,3,1,0,0,0,0,0.8619436416712127,High Risk,Immediate intervention — reduce overtime + salary review
26,1,575,1,3,1,5,3,1,73,3,1,6,1,2,3102,6582,0,0,22,4,3,0,7,2,3,6,4,0,4,1,0.29673112156303166,Low Risk,Low priority — maintain current engagement
41,2,314,0,1,3,0,4,1,59,2,5,3,3,1,19189,19562,1,0,12,3,2,1,22,3,3,22,7,2,10,0,0.012054337101139949,Low Risk,Low priority — maintain current engagement
30,1,109,1,5,3,3,2,0,60,3,1,2,2,2,2422,25725,0,0,17,3,1,0,4,3,3,3,2,1,2,1,0.632594791280182,High Risk,Urgent — schedule retention meeting + growth plan
36,2,1403,1,6,3,1,4,1,47,3,1,2,4,1,3210,20251,0,0,11,3,3,1,16,4,3,15,13,10,11,0,0.042535448857157085,Low Risk,Low priority — maintain current engagement
50,1,959,2,1,4,4,4,1,81,3,2,7,3,2,4728,17251,3,1,14,3,4,0,5,4,3,0,0,0,0,1,0.5567041452845405,Medium Risk,Monitor closely — offer development opportunities
24,2,691,1,23,3,3,2,1,89,4,1,6,4,1,2725,21630,1,1,11,3,2,2,6,3,3,6,5,1,4,0,0.577531018324718,Medium Risk,Monitor closely — offer development opportunities
31,2,140,1,12,1,3,3,0,95,3,1,6,4,1,3929,6984,8,1,23,4,3,1,7,0,3,4,2,0,2,0,0.7282783462282817,High Risk,Immediate intervention — reduce overtime + salary review
36,2,530,2,2,4,1,3,0,51,3,2,8,4,2,4502,7439,3,0,15,3,3,0,17,2,2,13,7,6,7,0,0.3049448298150184,Medium Risk,Monitor closely — offer development opportunities
52,0,585,2,29,4,1,1,1,40,3,1,8,4,0,3482,19788,2,0,15,3,2,2,16,3,2,9,8,0,0,0,0.286253786897706,Low Risk,Low priority — maintain current engagement
29,2,896,1,18,1,3,3,1,86,2,1,6,4,2,2389,14961,1,1,13,3,3,0,4,3,2,4,3,0,1,1,0.8298699797081943,High Risk,Immediate intervention — reduce overtime + salary review
34,1,829,1,15,3,3,2,1,71,3,4,5,1,0,17007,11929,7,0,14,3,4,2,16,3,2,14,8,6,9,0,0.1699333964914255,Low Risk,Low priority — maintain current engagement
32,2,977,1,2,3,3,4,1,45,3,2,6,2,0,5470,25518,0,0,13,3,3,2,10,4,2,9,5,1,6,0,0.036547714817033825,Low Risk,Low priority — maintain current engagement
28,2,1217,1,1,3,3,3,0,67,3,1,6,1,1,3591,12719,1,0,25,4,3,1,3,3,3,3,2,1,2,0,0.15395625184389078,Low Risk,Low priority — maintain current engagement
59,2,142,1,3,3,1,3,1,70,2,1,6,4,1,2177,8456,3,0,17,3,1,1,7,6,3,1,0,0,0,0,0.15561302999143561,Low Risk,Low priority — maintain current engagement
46,2,228,2,3,3,1,3,0,51,3,4,3,2,1,16606,11380,8,0,12,3,4,1,23,2,4,13,12,5,1,0,0.2580668726562871,Low Risk,Low priority — maintain current engagement
26,2,482,1,1,2,1,2,0,90,2,1,6,3,1,2933,14908,1,1,13,3,3,1,1,3,2,1,0,1,0,0,0.8342976085122233,High Risk,Immediate intervention — reduce overtime + salary review
35,1,880,2,12,4,4,4,1,36,3,2,7,4,2,4581,10414,3,1,24,4,1,0,13,2,4,11,9,6,7,1,0.6440825038043329,High Risk,Immediate intervention — reduce overtime + salary review
33,2,832,1,5,4,1,3,0,63,2,1,6,4,1,2911,14776,1,0,13,3,3,1,2,2,2,2,2,0,2,0,0.20988055260840463,Low Risk,Low priority — maintain current engagement
44,2,625,1,4,3,3,4,1,50,3,2,0,2,2,5933,5197,9,0,12,3,4,0,10,2,2,5,2,2,3,0,0.6749404071982424,High Risk,Urgent — schedule retention meeting + growth plan
51,2,684,1,6,3,1,1,1,51,3,5,5,3,2,19537,6462,7,0,13,3,3,0,23,5,3,20,18,15,15,0,0.11494887291352647,Low Risk,Low priority — maintain current engagement
40,0,218,1,8,1,3,4,1,55,2,3,5,2,0,13757,25178,2,0,11,3,3,1,16,5,3,9,8,4,8,0,0.03609392725020869,Low Risk,Low priority — maintain current engagement
39,2,141,0,3,3,0,3,0,44,4,2,1,2,1,6389,18767,9,0,15,3,3,1,12,3,1,8,3,3,6,0,0.262990240798386,Low Risk,Low priority — maintain current engagement
48,1,708,2,7,2,3,4,0,95,3,1,8,3,1,2655,11740,2,1,11,3,3,2,19,3,3,9,7,7,7,1,0.2551752548069238,Low Risk,Low priority — maintain current engagement
31,1,715,2,2,4,4,4,1,54,3,2,7,1,2,5332,21602,7,0,13,3,4,0,10,3,3,5,2,0,3,0,0.603394957877262,High Risk,Urgent — schedule retention meeting + growth plan
37,2,309,2,10,4,1,4,0,88,2,2,7,4,0,6694,24223,2,1,14,3,3,3,8,5,3,1,0,0,0,0,0.3370955675981721,Medium Risk,Monitor closely — offer development opportunities
28,2,1144,2,10,1,3,4,1,74,3,1,8,2,1,1052,23384,1,0,22,4,2,0,1,5,3,1,0,0,0,0,0.46057451215415257,Medium Risk,Monitor closely — offer development opportunities
19,2,419,2,21,3,4,4,1,37,2,1,8,2,2,2121,9947,1,1,13,3,2,0,1,3,4,1,0,0,0,1,0.9716761875778633,High Risk,Immediate intervention — reduce overtime + salary review
37,1,663,1,11,3,4,2,1,47,3,3,5,4,0,12185,10056,1,1,14,3,3,3,10,1,3,10,8,0,7,0,0.09275690280370655,Low Risk,Low priority — maintain current engagement
25,2,266,1,1,3,3,4,0,40,3,1,6,2,2,2096,18830,1,0,18,3,4,0,2,3,2,2,2,2,1,0,0.3707706477940493,Medium Risk,Monitor closely — offer development opportunities
41,2,427,0,10,4,0,2,1,73,2,5,3,4,0,19141,8861,3,0,15,3,2,3,23,2,2,21,6,12,6,0,0.10489593703995499,Low Risk,Low priority — maintain current engagement
22,0,1123,1,16,2,3,4,1,96,4,1,2,4,0,2935,7324,1,1,13,3,2,2,1,2,2,1,0,0,0,0,0.5203181427252088,Medium Risk,Monitor closely — offer development opportunities
53,2,102,1,23,4,1,4,0,72,3,4,5,4,2,14275,20206,6,0,18,3,3,0,33,0,3,12,9,3,8,0,0.025950891531071486,Low Risk,Low priority — maintain current engagement
50,2,1464,1,2,4,3,2,1,62,3,5,5,3,1,19237,12853,2,1,11,3,4,1,29,2,2,8,1,7,7,0,0.10676586333062205,Low Risk,Low priority — maintain current engagement
44,0,381,1,24,3,3,1,1,49,1,1,2,3,2,3708,2104,2,0,14,3,3,0,9,5,3,5,2,1,4,0,0.7479473319138193,High Risk,Urgent — schedule retention meeting + growth plan
43,2,1179,2,2,3,3,4,1,73,3,2,7,4,1,7847,6069,1,1,17,3,1,1,10,3,3,10,9,8,8,0,0.2609194123228815,Low Risk,Low priority — maintain current engagement
54,2,155,1,9,2,1,1,0,67,3,2,6,3,1,2897,22474,3,0,11,3,3,2,9,6,2,4,3,2,3,0,0.22678711299101598,Low Risk,Low priority — maintain current engagement
36,2,216,1,6,2,3,2,1,84,3,2,4,2,0,4941,2819,6,0,20,4,4,2,7,0,3,3,2,0,1,0,0.42130059791892416,Medium Risk,Monitor closely — offer development opportunities
46,2,168,2,4,2,2,4,0,33,2,5,3,2,1,18789,9946,2,0,14,3,3,1,26,2,3,11,4,0,8,0,0.044483094525548925,Low Risk,Low priority — maintain current engagement
55,2,478,1,2,3,3,3,1,60,2,5,5,1,1,19038,19805,8,0,12,3,2,3,34,2,3,1,0,0,0,0,0.07382739315885446,Low Risk,Low priority — maintain current engagement
39,2,1089,1,6,3,1,2,0,32,3,3,4,2,2,8376,9150,4,0,18,3,4,0,9,3,3,2,0,2,2,0,0.3091437476358117,Medium Risk,Monitor closely — offer development opportunities
21,1,756,2,1,1,5,1,0,99,2,1,8,2,2,2174,9150,1,1,11,3,3,0,3,3,3,3,2,1,2,1,0.954513006670293,High Risk,Immediate intervention — reduce overtime + salary review
43,1,559,1,10,4,1,3,0,82,2,2,2,3,0,5257,6227,1,0,11,3,2,1,9,3,4,9,7,0,0,0,0.16003497596953756,Low Risk,Low priority — maintain current engagement
51,2,1169,1,7,4,3,2,1,34,2,2,4,3,1,6132,13983,2,0,17,3,3,0,10,2,3,1,0,0,0,0,0.23141279052851588,Low Risk,Low priority — maintain current engagement
31,2,1398,0,8,2,3,4,0,96,4,1,1,2,2,2109,24609,9,0,18,3,4,0,8,3,3,3,2,0,2,0,0.15602610371264053,Low Risk,Low priority — maintain current engagement
33,1,1392,1,3,4,1,4,0,56,3,1,6,3,1,2909,23159,1,1,11,3,3,0,8,3,3,8,7,3,0,0,0.40173531826260805,Medium Risk,Monitor closely — offer development opportunities
50,2,869,2,3,2,2,1,1,86,2,1,8,3,1,2683,3810,1,1,14,3,3,0,3,2,3,3,2,0,2,1,0.8176360519342378,High Risk,Immediate intervention — reduce overtime + salary review
45,2,1234,2,11,2,1,4,0,90,3,4,3,4,1,17650,5404,3,0,13,3,2,1,26,4,4,9,3,1,1,0,0.026616757542183886,Low Risk,Low priority — maintain current engagement
33,1,827,1,1,4,4,3,0,84,4,2,0,2,1,5488,20161,1,1,13,3,1,1,6,2,3,6,5,1,2,0,0.5804832760760009,Medium Risk,Monitor closely — offer development opportunities
28,0,1366,1,24,2,5,2,1,72,2,3,0,1,2,8722,12355,1,0,12,3,1,0,10,2,2,10,7,1,9,1,0.7047393260818204,High Risk,Urgent — schedule retention meeting + growth plan
18,2,812,2,10,3,3,4,0,69,2,1,8,3,2,1200,9724,1,0,12,3,1,0,0,2,3,0,0,0,0,0,0.8066918139506108,High Risk,Urgent — schedule retention meeting + growth plan
35,2,583,1,25,4,3,3,0,57,3,3,0,3,0,10388,6975,1,1,11,3,3,1,16,3,2,16,10,10,1,0,0.8199428851683058,High Risk,Immediate intervention — reduce overtime + salary review
38,1,1186,1,3,4,4,3,1,44,3,1,6,3,1,2821,2997,3,0,16,3,1,1,8,2,3,2,2,2,2,0,0.20172547897742432,Low Risk,Low priority — maintain current engagement
24,2,823,1,17,2,4,4,1,94,2,1,2,2,1,2127,9100,1,0,21,4,4,1,1,2,3,1,0,0,0,0,0.5480043463570357,Medium Risk,Monitor closely — offer development opportunities
35,2,538,1,25,2,4,1,1,54,2,2,2,4,2,3681,14004,4,0,14,3,4,0,9,3,3,3,2,0,2,0,0.7498679972149529,High Risk,Urgent — schedule retention meeting + growth plan
33,2,922,1,1,5,3,1,0,95,4,4,5,3,0,16184,22578,4,0,19,3,3,1,10,2,3,6,1,0,5,0,0.031089283795844736,Low Risk,Low priority — maintain current engagement
37,2,124,1,3,3,4,4,0,35,3,2,0,2,2,4107,13848,3,0,15,3,1,0,8,3,2,4,3,0,1,0,0.590261874670236,Medium Risk,Monitor closely — offer development opportunities
36,2,796,1,12,5,3,4,0,51,2,3,4,4,2,8858,15669,0,0,11,3,2,0,15,2,2,14,8,7,8,0,0.21401905448281866,Low Risk,Low priority — maintain current engagement
24,2,1206,1,17,1,3,4,0,41,2,2,4,3,0,4377,24117,1,0,15,3,2,2,5,6,3,4,2,3,2,0,0.16659639298404344,Low Risk,Low priority — maintain current engagement
28,2,995,1,9,3,3,3,0,77,3,1,6,3,0,2377,9834,5,0,18,3,2,1,6,2,3,2,2,2,2,0,0.21353602913930705,Low Risk,Low priority — maintain current engagement
39,2,492,1,12,3,3,4,1,66,3,2,4,2,1,5295,7693,4,0,21,4,3,0,7,3,3,5,4,1,0,0,0.36644940144233396,Medium Risk,Monitor closely — offer development opportunities
37,0,1040,1,2,2,1,3,1,100,2,2,0,4,0,5163,15850,5,0,14,3,4,1,17,2,4,1,0,0,0,0,0.10691771391390385,Low Risk,Low priority — maintain current engagement
41,1,857,1,10,3,1,4,1,91,2,4,3,1,0,17181,12888,4,0,13,3,2,1,21,2,2,7,6,7,7,0,0.12585612876132823,Low Risk,Low priority — maintain current engagement
25,2,882,1,19,1,3,4,1,67,3,1,2,4,1,3669,9075,3,0,11,3,3,3,7,6,2,3,2,1,2,0,0.20467376748330446,Low Risk,Low priority — maintain current engagement
26,2,1384,1,3,4,3,1,1,82,4,1,2,4,1,4420,13421,1,0,22,4,2,1,8,2,3,8,7,0,7,0,0.08011615540885643,Low Risk,Low priority — maintain current engagement
21,2,1427,1,18,1,4,4,0,65,3,1,6,4,2,2693,8870,1,0,19,3,1,0,1,3,2,1,0,0,0,1,0.32987558528610306,Medium Risk,Monitor closely — offer development opportunities
26,2,474,1,3,3,1,1,0,89,3,1,6,4,1,2061,11133,1,0,21,4,1,0,1,5,3,1,0,0,0,0,0.4238168858854548,Medium Risk,Monitor closely — offer development opportunities
53,2,607,1,2,5,5,3,0,78,2,3,4,4,1,10169,14618,0,0,16,3,2,1,34,4,3,33,7,1,9,1,0.010875474729674487,Low Risk,Low priority — maintain current engagement
22,2,534,1,15,3,3,2,0,59,3,1,2,4,2,2871,23785,1,0,15,3,3,0,1,5,3,0,0,0,0,0,0.5538136193502358,Medium Risk,Monitor closely — offer development opportunities
29,2,1252,1,23,2,1,3,1,81,4,1,6,3,1,2700,23779,1,0,24,4,3,1,10,3,3,10,7,0,7,0,0.050186129208668266,Low Risk,Low priority — maintain current engagement
35,2,185,1,23,4,3,2,1,91,1,1,2,3,1,2705,9696,0,0,16,3,2,1,6,2,4,5,4,0,3,0,0.5889025317989968,Medium Risk,Monitor closely — offer development opportunities
34,2,470,1,2,4,1,4,1,84,2,2,4,1,1,5957,23687,6,0,13,3,2,1,13,3,3,11,9,5,9,0,0.34548708946890533,Medium Risk,Monitor closely — offer development opportunities
25,2,583,2,4,1,2,3,1,87,2,2,7,1,1,4256,18154,1,0,12,3,1,0,5,1,4,5,2,0,3,0,0.7611029516325892,High Risk,Urgent — schedule retention meeting + growth plan
58,2,289,1,2,3,5,4,1,51,3,1,6,3,2,2479,26227,4,0,24,4,1,0,7,4,3,1,0,0,0,1,0.21578647127881226,Low Risk,Low priority — maintain current engagement
32,2,334,1,5,2,1,1,1,80,4,1,6,2,0,3298,15053,0,1,12,3,4,2,7,5,2,6,2,0,5,0,0.376891144784308,Medium Risk,Monitor closely — offer development opportunities
35,2,809,1,16,3,3,1,1,84,4,1,2,2,1,2426,16479,0,0,13,3,3,1,6,5,3,5,4,0,3,0,0.2904358784174948,Low Risk,Low priority — maintain current engagement
42,2,933,1,29,3,1,2,1,98,3,2,4,2,1,4434,11806,1,0,13,3,4,1,10,3,2,9,8,7,8,0,0.35936080134312476,Medium Risk,Monitor closely — offer development opportunities
32,2,515,1,1,3,1,4,1,62,2,1,2,3,2,3730,9571,0,1,14,3,4,0,4,2,1,3,2,1,2,1,0.8106490399801536,High Risk,Immediate intervention — reduce overtime + salary review
37,2,1141,1,11,2,3,1,0,61,1,2,0,2,1,4777,14382,5,0,15,3,1,0,15,2,1,1,0,0,0,1,0.8875737218015165,High Risk,Urgent — schedule retention meeting + growth plan
36,2,928,2,1,2,1,2,1,56,3,2,7,4,1,6201,2823,1,1,14,3,4,1,18,1,2,18,14,4,11,0,0.24722187650395627,Low Risk,Low priority — maintain current engagement
31,1,1125,1,1,3,1,4,1,48,1,2,6,1,1,5003,5771,1,0,21,4,2,0,10,6,3,10,8,8,7,0,0.30444828340036206,Medium Risk,Monitor closely — offer development opportunities
28,2,1181,1,1,3,1,3,1,82,3,1,6,4,1,2044,5531,1,0,11,3,3,1,5,6,4,5,3,0,3,0,0.060942991452793104,Low Risk,Low priority — maintain current engagement
41,2,334,2,2,4,1,4,1,88,3,4,3,2,2,16015,15896,1,0,19,3,2,0,22,2,3,22,10,0,4,0,0.1272955501033246,Low Risk,Low priority — maintain current engagement
40,2,299,2,25,4,2,4,1,57,2,3,7,2,2,9094,17235,2,1,12,3,3,0,9,2,3,5,4,1,0,1,0.9330338511456002,High Risk,Immediate intervention — reduce overtime + salary review
33,2,1075,0,3,2,0,4,1,57,3,1,1,2,0,2277,22650,3,1,11,3,3,1,7,4,4,4,3,0,3,0,0.23122616887362019,Low Risk,Low priority — maintain current engagement
32,0,976,2,26,4,2,3,1,100,3,2,7,4,1,4465,12069,0,0,18,3,1,0,4,2,3,3,2,2,2,0,0.46281802665329475,Medium Risk,Monitor closely — offer development opportunities
38,2,1321,2,1,4,1,4,1,86,3,2,7,2,1,4440,7636,0,0,15,3,1,2,16,3,3,15,13,5,8,0,0.0634439451648593,Low Risk,Low priority — maintain current engagement
35,0,1180,1,2,2,3,2,1,90,3,2,4,4,0,5762,24442,2,0,14,3,3,1,15,6,3,7,7,1,7,0,0.015840377301100623,Low Risk,Low priority — maintain current engagement
43,2,574,1,11,3,1,1,1,30,3,3,0,3,1,7510,16873,1,0,17,3,2,1,10,1,3,10,9,0,9,0,0.16683717994928288,Low Risk,Low priority — maintain current engagement
46,2,706,1,2,2,1,4,1,82,3,3,4,4,0,8578,19989,3,0,14,3,3,1,12,4,2,9,8,4,7,0,0.024062101500916717,Low Risk,Low priority — maintain current engagement
34,0,1375,2,10,3,1,4,1,87,3,2,7,3,0,4001,12313,1,1,14,3,3,1,15,3,3,15,14,0,7,0,0.11090058285110481,Low Risk,Low priority — maintain current engagement
49,1,1023,2,2,3,3,4,1,63,2,2,7,2,1,5390,13243,2,0,14,3,4,0,17,3,2,9,6,0,8,0,0.07096666890714746,Low Risk,Low priority — maintain current engagement
32,2,120,1,6,5,1,3,1,43,3,1,6,3,2,3038,12430,3,0,20,4,1,0,8,2,3,5,4,1,4,0,0.49442717154184257,Medium Risk,Monitor closely — offer development opportunities
45,1,1297,1,1,4,3,2,1,44,3,2,0,3,2,5399,14511,4,0,12,3,3,0,12,3,3,4,2,0,3,0,0.30366546641230324,Medium Risk,Monitor closely — offer development opportunities
29,2,590,1,4,3,5,4,0,91,2,1,6,1,0,2109,10007,1,0,13,3,3,1,1,2,3,1,0,0,0,0,0.3165520953908194,Medium Risk,Monitor closely — offer development opportunities
36,0,1351,1,9,4,1,1,1,66,4,1,2,2,1,2810,9238,1,0,22,4,2,0,5,3,3,5,4,0,2,0,0.33375219478941054,Medium Risk,Monitor closely — offer development opportunities
35,0,1225,1,2,4,1,4,0,61,3,2,0,1,0,5093,4761,2,0,11,3,1,1,16,2,4,1,0,0,0,0,0.14835148764535533,Low Risk,Low priority — maintain current engagement
22,1,1256,1,3,4,1,3,1,48,2,1,6,4,1,2853,4223,0,1,11,3,2,1,1,5,3,0,0,0,0,1,0.6276473796434893,High Risk,Immediate intervention — reduce overtime + salary review
37,2,799,1,1,3,5,2,0,59,3,3,4,4,2,7491,23848,4,0,17,3,4,0,12,3,4,6,5,1,2,0,0.10239117527728595,Low Risk,Low priority — maintain current engagement
23,2,1309,1,26,1,1,3,1,83,3,1,6,4,0,2904,16092,1,0,12,3,3,2,4,2,2,4,2,0,2,0,0.20698411926905172,Low Risk,Low priority — maintain current engagement
21,2,1343,2,22,1,5,3,1,49,3,1,8,3,2,3447,24444,1,0,11,3,3,0,3,2,3,3,2,1,2,0,0.6984869112566808,High Risk,Urgent — schedule retention meeting + growth plan
56,1,1240,1,9,3,3,1,0,63,3,1,6,3,1,2942,12154,2,0,19,3,2,1,18,4,3,5,4,0,3,0,0.038378278630663225,Low Risk,Low priority — maintain current engagement
51,1,541,2,2,3,2,2,1,52,3,3,7,2,1,10596,15395,2,0,11,3,2,0,14,5,3,4,2,3,2,0,0.31418800802721725,Medium Risk,Monitor closely — offer development opportunities
29,2,906,1,10,3,1,4,0,92,2,1,6,1,2,2404,11479,6,1,20,4,3,0,3,5,3,0,0,0,0,1,0.8995753181336082,High Risk,Immediate intervention — reduce overtime + salary review
50,2,804,1,9,3,1,1,1,64,3,1,2,4,1,2380,20165,4,0,18,3,2,0,8,5,3,1,0,0,0,0,0.3559300955036476,Medium Risk,Monitor closely — offer development opportunities
26,2,703,2,28,2,2,1,1,66,3,2,7,2,1,6272,7428,1,0,20,4,4,2,6,5,4,5,3,1,4,0,0.48836232756781617,Medium Risk,Monitor closely — offer development opportunities
39,1,672,1,7,2,3,3,1,54,2,5,3,4,1,19272,21141,1,0,15,3,1,1,21,2,3,21,9,13,3,0,0.2839663655356491,Low Risk,Low priority — maintain current engagement
49,2,722,1,25,4,1,3,0,84,3,1,2,1,1,3211,22102,1,0,14,3,4,1,10,3,2,9,6,1,4,0,0.25305812500477226,Low Risk,Low priority — maintain current engagement
29,2,718,1,8,1,3,2,1,79,2,2,4,4,1,5056,17689,1,1,15,3,3,1,10,2,2,10,7,1,2,0,0.6855758320468851,High Risk,Immediate intervention — reduce overtime + salary review
32,2,529,1,2,3,5,4,1,78,3,1,6,1,2,2439,11288,1,0,14,3,4,0,4,4,3,4,2,1,2,0,0.30646217471991666,Medium Risk,Monitor closely — offer development opportunities
30,2,1092,1,10,3,3,1,0,64,3,3,4,3,2,9667,2739,9,0,14,3,2,0,9,3,3,7,7,0,2,0,0.603946520964077,High Risk,Urgent — schedule retention meeting + growth plan
27,2,1240,1,2,4,1,4,0,33,3,1,2,1,0,2341,19715,1,0,13,3,4,1,1,6,3,1,0,0,0,0,0.16915223153122547,Low Risk,Low priority — maintain current engagement
34,2,937,2,1,3,2,1,1,32,3,3,7,4,2,9888,6770,1,0,21,4,1,0,14,3,2,14,8,2,1,0,0.5282876178619497,Medium Risk,Monitor closely — offer development opportunities
43,2,920,1,3,3,1,3,1,96,1,5,5,4,1,19740,18625,3,0,14,3,2,1,25,2,3,8,7,0,7,0,0.014749741804634162,Low Risk,Low priority — maintain current engagement
33,2,603,2,9,4,2,1,0,77,3,2,7,1,2,8224,18385,0,1,17,3,1,0,6,3,3,5,2,0,3,1,0.90280858547892,High Risk,Immediate intervention — reduce overtime + salary review
31,1,793,2,20,3,1,3,1,67,4,1,8,4,1,2791,21981,0,0,12,3,1,1,3,4,3,2,2,2,2,0,0.35551742070627573,Medium Risk,Monitor closely — offer development opportunities
43,2,244,0,2,3,1,2,1,97,3,1,1,4,2,3539,5033,0,0,13,3,2,0,10,5,3,9,7,1,8,0,0.0549807872073278,Low Risk,Low priority — maintain current engagement
44,2,170,1,1,4,1,2,1,78,4,2,0,1,1,5033,9364,2,0,15,3,4,1,10,5,3,2,0,2,2,0,0.27822149564759546,Low Risk,Low priority — maintain current engagement
36,2,1456,2,13,5,2,2,1,96,2,2,7,1,0,6134,8658,5,1,13,3,2,3,16,3,3,2,2,2,2,1,0.7959748111755011,High Risk,Immediate intervention — reduce overtime + salary review
56,2,1255,1,1,2,1,1,0,90,3,1,6,1,1,2066,10494,2,0,22,4,4,1,5,3,4,3,2,1,0,0,0.1506831601851164,Low Risk,Low priority — maintain current engagement
37,2,1372,1,1,3,1,4,0,42,3,1,6,4,2,2115,15881,1,0,12,3,2,0,17,3,3,17,12,5,7,0,0.05100442426595895,Low Risk,Low priority — maintain current engagement
